src,dst,triangle,2-star,4-clique,4-chordal-cycle,4-tailed-triangle,4-cycle,3-star,4-path
844,819,2,61,0,1,0,1,920,909
253,147,0,61,0,0,0,0,1500,330
70,147,0,59,0,0,0,0,1491,220
851,147,0,58,0,0,0,0,1488,165
535,147,0,57,0,0,0,0,1486,110
570,147,0,57,0,0,0,1,1486,109
242,147,0,56,0,0,0,0,1485,55
282,147,0,56,0,0,0,0,1485,55
376,147,0,56,0,0,0,0,1485,55
511,147,0,56,0,0,0,1,1485,54
597,147,0,56,0,0,0,0,1485,55
177,147,0,55,0,0,0,0,1485,0
195,147,0,55,0,0,0,0,1485,0
246,147,0,55,0,0,0,0,1485,0
295,147,0,55,0,0,0,0,1485,0
297,147,0,55,0,0,0,0,1485,0
299,147,0,55,0,0,0,0,1485,0
300,147,0,55,0,0,0,0,1485,0
312,147,0,55,0,0,0,0,1485,0
447,147,0,55,0,0,0,0,1485,0
478,147,0,55,0,0,0,0,1485,0
480,147,0,55,0,0,0,0,1485,0
531,147,0,55,0,0,0,0,1485,0
544,147,0,55,0,0,0,0,1485,0
547,147,0,55,0,0,0,0,1485,0
557,147,0,55,0,0,0,0,1485,0
589,147,0,55,0,0,0,0,1485,0
624,147,0,55,0,0,0,0,1485,0
677,147,0,55,0,0,0,0,1485,0
741,147,0,55,0,0,0,0,1485,0
763,147,0,55,0,0,0,0,1485,0
797,147,0,55,0,0,0,0,1485,0
840,147,0,55,0,0,0,0,1485,0
852,147,0,55,0,0,0,0,1485,0
897,147,0,55,0,0,0,0,1485,0
907,147,0,55,0,0,0,0,1485,0
910,147,0,55,0,0,0,0,1485,0
918,147,0,55,0,0,0,0,1485,0
978,147,0,55,0,0,0,0,1485,0
981,147,0,55,0,0,0,0,1485,0
992,147,0,55,0,0,0,0,1485,0
999,147,0,55,0,0,0,0,1485,0
1007,147,0,55,0,0,0,0,1485,0
1022,147,0,55,0,0,0,0,1485,0
1031,147,0,55,0,0,0,0,1485,0
1049,147,0,55,0,0,0,0,1485,0
1058,147,0,55,0,0,0,0,1485,0
1097,147,0,55,0,0,0,0,1485,0
1109,147,0,55,0,0,0,0,1485,0
1153,147,0,55,0,0,0,0,1485,0
1169,147,0,55,0,0,0,0,1485,0
135,147,0,55,0,0,0,0,1485,0
117,147,0,55,0,0,0,0,1485,0
101,147,0,55,0,0,0,0,1485,0
42,147,0,55,0,0,0,0,1485,0
40,147,0,55,0,0,0,0,1485,0
34,147,0,55,0,0,0,0,1485,0
433,819,0,51,0,0,0,0,757,518
465,819,2,41,0,1,0,0,610,210
85,819,1,43,0,0,0,1,651,251
241,819,0,44,0,0,0,1,687,258
464,819,0,43,0,0,0,1,681,221
253,819,1,41,0,0,0,1,640,179
1131,819,0,42,0,0,0,0,676,185
1172,819,1,40,0,0,0,0,636,144
585,819,0,42,0,0,0,1,676,184
90,819,0,42,0,0,0,2,676,183
966,819,1,39,0,0,0,0,633,108
179,819,0,41,0,0,0,1,672,147
252,98,1,39,0,0,0,1,433,307
579,819,0,40,0,0,0,0,669,111
494,819,0,40,0,0,0,0,669,111
355,844,0,40,0,0,0,1,444,335
106,819,0,40,0,0,0,0,669,111
731,819,0,39,0,0,0,1,667,73
609,819,1,37,0,0,0,1,630,35
152,819,1,37,0,0,0,0,630,36
513,98,1,37,0,0,0,1,414,251
8,819,0,39,0,0,0,0,667,74
1013,819,0,38,0,0,0,0,666,37
717,819,0,38,0,0,0,0,666,37
604,819,1,36,0,0,0,0,630,0
551,819,0,38,0,0,0,0,666,37
526,819,0,38,0,0,0,0,666,37
332,819,0,38,0,0,0,0,666,37
261,819,0,38,0,0,0,1,666,36
184,819,1,36,0,0,0,0,630,0
862,819,0,37,0,0,0,0,666,0
900,819,0,37,0,0,0,0,666,0
540,819,0,37,0,0,0,0,666,0
533,819,0,37,0,0,0,0,666,0
525,819,0,37,0,0,0,0,666,0
493,819,0,37,0,0,0,0,666,0
245,819,0,37,0,0,0,0,666,0
219,819,0,37,0,0,0,0,666,0
142,819,0,37,0,0,0,0,666,0
93,819,0,37,0,0,0,0,666,0
25,638,7,22,2,19,0,2,174,55
341,638,6,22,1,14,0,1,191,39
122,1275,0,34,0,0,0,0,297,264
1040,98,0,34,0,0,0,0,416,145
1171,98,0,34,0,0,0,0,416,145
983,844,0,33,0,0,0,0,388,140
1171,844,0,33,0,0,0,1,388,139
664,844,1,31,0,0,0,5,357,103
337,567,0,33,0,0,0,0,388,140
302,844,0,33,0,0,0,2,388,138
241,638,0,33,0,0,0,0,346,182
204,567,0,33,0,0,0,2,388,138
204,844,0,33,0,0,0,1,388,139
179,98,0,33,0,0,0,1,412,115
276,98,0,33,0,0,0,0,412,116
324,98,0,33,0,0,0,3,412,113
810,98,0,33,0,0,0,0,412,116
937,98,1,31,0,0,0,0,381,84
13,98,0,33,0,0,0,0,412,116
966,844,1,30,0,0,0,0,354,81
1115,844,0,32,0,0,0,0,384,112
1029,638,4,24,2,4,0,1,232,43
1002,567,0,32,0,0,0,0,384,112
1110,567,0,32,0,0,0,2,384,110
251,98,0,32,0,0,0,0,409,87
681,98,1,30,0,0,0,0,379,56
1021,98,0,32,0,0,0,0,409,87
17,567,0,32,0,0,0,2,384,110
17,844,0,32,0,0,0,1,384,111
13,567,0,32,0,0,0,1,384,111
1035,844,0,31,0,0,0,3,381,81
1132,844,0,31,0,0,0,0,381,84
784,638,3,25,2,1,0,0,254,46
998,638,0,31,0,0,0,0,335,130
1092,638,1,29,0,0,0,0,306,100
302,638,1,29,0,0,0,2,306,98
267,1240,0,31,0,0,0,3,245,217
222,844,0,31,0,0,0,0,381,84
180,844,1,29,0,0,0,2,352,52
134,136,2,27,1,0,0,0,175,176
130,567,0,31,0,0,0,0,381,84
121,98,0,31,0,0,0,0,407,58
186,98,0,31,0,0,0,0,407,58
266,98,0,31,0,0,0,0,407,58
658,98,0,31,0,0,0,0,407,58
731,98,0,31,0,0,0,1,407,57
1077,844,0,30,0,0,0,5,379,51
1266,844,0,30,0,0,0,2,379,54
662,844,0,30,0,0,0,2,379,54
609,844,1,28,0,0,0,2,351,25
516,567,0,30,0,0,0,0,379,56
360,567,0,30,0,0,0,0,379,56
633,136,2,26,1,0,0,0,165,160
112,98,0,30,0,0,0,0,406,29
775,98,0,30,0,0,0,0,406,29
913,98,0,30,0,0,0,0,406,29
1179,98,0,30,0,0,0,0,406,29
1241,98,0,30,0,0,0,1,406,28
1379,98,0,30,0,0,0,0,406,29
898,27,0,30,0,0,0,0,291,144
1363,844,0,29,0,0,0,0,378,28
790,844,0,29,0,0,0,0,378,28
955,638,3,23,1,2,0,0,253,0
835,567,0,29,0,0,0,1,378,27
962,567,0,29,0,0,0,0,378,28
987,567,0,29,0,0,0,0,378,28
1137,567,0,29,0,0,0,0,378,28
504,567,0,29,0,0,0,0,378,28
472,638,1,27,0,0,0,0,301,50
435,844,0,29,0,0,0,1,378,27
353,567,0,29,0,0,0,2,378,26
267,367,2,25,0,1,0,0,156,144
252,1130,3,23,2,1,0,3,127,123
123,844,0,29,0,0,0,1,378,27
1373,98,0,29,0,0,0,0,406,0
1374,98,0,29,0,0,0,0,406,0
1375,98,0,29,0,0,0,0,406,0
1376,98,0,29,0,0,0,0,406,0
1377,98,0,29,0,0,0,0,406,0
1378,98,0,29,0,0,0,0,406,0
81,367,2,25,0,1,0,0,156,144
74,844,0,29,0,0,0,0,378,28
59,567,0,29,0,0,0,2,378,26
1382,844,0,28,0,0,0,0,378,0
1446,844,0,28,0,0,0,0,378,0
668,844,0,28,0,0,0,0,378,0
645,844,0,28,0,0,0,0,378,0
948,638,2,24,0,1,0,0,276,0
1063,638,2,24,0,1,0,0,276,0
735,567,0,28,0,0,0,0,378,0
762,567,0,28,0,0,0,0,378,0
771,567,0,28,0,0,0,0,378,0
825,567,0,28,0,0,0,0,378,0
860,567,0,28,0,0,0,0,378,0
863,567,0,28,0,0,0,0,378,0
1085,567,0,28,0,0,0,0,378,0
1098,567,0,28,0,0,0,0,378,0
552,844,0,28,0,0,0,0,378,0
509,844,0,28,0,0,0,0,378,0
481,567,0,28,0,0,0,0,378,0
382,567,0,28,0,0,0,0,378,0
347,638,2,24,1,0,0,0,276,0
263,638,2,24,0,1,0,0,276,0
125,567,0,28,0,0,0,0,378,0
62,567,0,28,0,0,0,0,378,0
29,567,0,28,0,0,0,0,378,0
664,1275,0,27,0,0,0,3,241,107
787,638,1,25,0,0,0,0,300,0
513,1130,3,21,2,1,0,2,112,96
508,638,0,27,0,0,0,0,325,26
402,638,1,25,0,0,0,0,300,0
1067,367,4,19,0,6,0,0,101,70
119,638,0,27,0,0,0,0,325,26
756,27,0,27,0,0,0,0,279,72
1132,27,0,27,0,0,0,1,279,71
689,961,0,26,0,0,0,0,205,120
931,638,0,26,0,0,0,0,325,0
996,638,0,26,0,0,0,0,325,0
1046,638,0,26,0,0,0,0,325,0
1151,638,0,26,0,0,0,0,325,0
592,638,0,26,0,0,0,0,325,0
507,638,0,26,0,0,0,0,325,0
423,638,0,26,0,0,0,0,325,0
249,638,0,26,0,0,0,0,325,0
39,638,0,26,0,0,0,0,325,0
121,27,0,26,0,0,0,0,277,48
685,27,0,26,0,0,0,0,277,48
1026,27,0,26,0,0,0,0,277,48
1242,27,0,26,0,0,0,0,277,48
20,1240,2,22,0,1,0,1,159,71
883,1275,0,25,0,0,0,0,234,66
681,1275,0,25,0,0,0,0,234,66
664,961,0,25,0,0,0,1,200,99
524,1130,3,19,1,2,0,0,101,70
974,367,2,21,0,1,0,0,130,80
252,854,4,17,3,3,0,4,64,68
210,1275,0,25,0,0,0,1,234,65
633,134,2,21,1,0,0,0,100,110
122,854,2,21,1,0,0,0,100,110
64,1275,0,25,0,0,0,0,234,66
155,27,0,25,0,0,0,0,276,24
218,27,0,25,0,0,0,0,276,24
696,27,0,25,0,0,0,0,276,24
1009,27,0,25,0,0,0,0,276,24
1208,27,0,25,0,0,0,0,276,24
1331,27,0,25,0,0,0,0,276,24
1355,27,0,25,0,0,0,1,276,23
11,72,1,23,0,0,0,2,141,110
5,27,0,25,0,0,0,0,276,24
1266,1275,0,24,0,0,0,2,232,42
1187,1275,0,24,0,0,0,0,232,44
1087,1240,0,24,0,0,0,2,196,78
1077,1275,0,24,0,0,0,3,232,41
1014,1275,0,24,0,0,0,1,232,43
979,854,3,18,1,2,0,1,73,79
824,595,0,24,0,0,0,1,181,94
940,595,0,24,0,0,0,1,181,94
446,961,0,24,0,0,0,0,196,80
324,1240,0,24,0,0,0,1,196,79
563,257,0,24,0,0,0,0,133,143
203,1275,0,24,0,0,0,0,232,44
154,257,2,20,0,1,0,0,91,99
252,122,2,20,1,0,0,0,90,100
724,27,0,24,0,0,0,0,276,0
1350,27,0,24,0,0,0,0,276,0
1351,27,0,24,0,0,0,0,276,0
1352,27,0,24,0,0,0,0,276,0
1353,27,0,24,0,0,0,0,276,0
1354,27,0,24,0,0,0,0,276,0
1356,27,0,24,0,0,0,0,276,0
1357,27,0,24,0,0,0,0,276,0
1358,27,0,24,0,0,0,0,276,0
1359,27,0,24,0,0,0,0,276,0
17,1240,0,24,0,0,0,0,196,80
1093,1275,0,23,0,0,0,0,231,22
777,1130,2,19,1,0,0,5,111,55
723,1275,0,23,0,0,0,0,231,22
673,1275,0,23,0,0,0,0,231,22
615,595,0,23,0,0,0,1,177,75
831,595,0,23,0,0,0,0,177,76
1110,595,0,23,0,0,0,0,177,76
513,854,4,15,3,3,0,4,51,50
503,1240,0,23,0,0,0,1,193,59
1055,367,2,19,0,1,0,0,123,48
979,252,4,15,2,4,0,0,49,56
998,136,2,19,1,0,0,0,123,48
1276,1275,0,22,0,0,0,0,231,0
1277,1275,0,22,0,0,0,0,231,0
1278,1275,0,22,0,0,0,0,231,0
1279,1275,0,22,0,0,0,0,231,0
1280,1275,0,22,0,0,0,0,231,0
1281,1275,0,22,0,0,0,0,231,0
1282,1275,0,22,0,0,0,0,231,0
1283,1275,0,22,0,0,0,0,231,0
1242,1240,0,22,0,0,0,0,191,40
1244,1240,0,22,0,0,0,0,191,40
1226,1275,0,22,0,0,0,0,231,0
1195,1240,1,20,0,0,0,0,171,19
1170,1130,0,22,0,0,0,5,146,80
721,595,0,22,0,0,0,0,174,57
594,1240,0,22,0,0,0,0,191,40
585,1130,0,22,0,0,0,0,146,85
529,961,0,22,0,0,0,0,191,40
519,595,0,22,0,0,0,0,174,57
375,1240,1,20,0,0,0,1,171,18
953,367,3,16,0,3,0,0,105,15
339,961,0,22,0,0,0,0,191,40
322,1240,0,22,0,0,0,0,191,40
513,252,10,2,6,39,0,0,1,0
301,223,4,14,2,4,0,0,43,48
124,367,2,18,0,1,0,0,121,32
513,122,2,18,1,0,0,0,73,80
67,72,2,18,0,1,0,0,108,45
1,595,0,22,0,0,0,0,174,57
1241,1240,0,21,0,0,0,1,190,19
1243,1240,0,21,0,0,0,0,190,20
1245,1240,0,21,0,0,0,0,190,20
1048,961,0,21,0,0,0,0,190,20
727,1240,0,21,0,0,0,0,190,20
712,1130,0,21,0,0,0,4,142,64
663,961,0,21,0,0,0,0,190,20
652,1130,2,17,0,1,0,2,106,28
742,595,0,21,0,0,0,0,172,38
513,979,3,15,2,1,0,0,49,56
435,961,0,21,0,0,0,1,190,19
879,367,2,17,0,1,0,0,120,16
324,1130,0,21,0,0,0,3,142,65
811,257,1,19,0,0,0,0,87,84
281,223,5,11,1,9,0,0,27,28
138,1130,0,21,0,0,0,1,142,67
474,136,0,21,0,0,0,1,156,53
886,136,0,21,0,0,0,0,156,54
133,961,0,21,0,0,0,0,190,20
131,154,0,21,0,0,0,0,100,110
126,595,0,21,0,0,0,0,172,38
96,367,0,21,0,0,0,0,156,54
69,1240,0,21,0,0,0,0,190,20
61,595,0,21,0,0,0,1,172,37
12,81,2,17,0,1,0,3,64,69
1246,1240,0,20,0,0,0,0,190,0
1247,1240,0,20,0,0,0,0,190,0
1248,1240,0,20,0,0,0,0,190,0
1249,1240,0,20,0,0,0,0,190,0
1010,961,0,20,0,0,0,0,190,0
1121,961,0,20,0,0,0,0,190,0
1136,961,0,20,0,0,0,0,190,0
1159,961,0,20,0,0,0,0,190,0
902,961,0,20,0,0,0,0,190,0
974,854,0,20,0,0,0,3,99,88
836,961,0,20,0,0,0,0,190,0
795,961,0,20,0,0,0,0,190,0
1261,719,0,20,0,0,0,0,139,51
696,595,0,20,0,0,0,0,171,19
1034,595,0,20,0,0,0,0,171,19
551,595,0,20,0,0,0,0,171,19
496,961,0,20,0,0,0,0,190,0
371,961,0,20,0,0,0,0,190,0
732,367,2,16,0,1,0,0,120,0
801,367,1,18,0,0,0,0,136,17
330,961,0,20,0,0,0,0,190,0
942,267,0,20,0,0,0,0,91,99
1067,267,1,18,0,0,0,1,73,79
264,367,0,20,0,0,0,0,154,36
524,252,3,14,2,1,0,1,46,44
178,961,0,20,0,0,0,0,190,0
266,136,0,20,0,0,0,0,154,36
926,136,0,20,0,0,0,0,154,36
99,367,0,20,0,0,0,0,154,36
88,961,0,20,0,0,0,0,190,0
1067,81,1,18,0,0,0,0,73,80
328,72,0,20,0,0,0,1,139,50
426,72,0,20,0,0,0,0,139,51
970,1101,0,19,0,0,0,0,81,90
928,595,0,19,0,0,0,0,171,0
1032,595,0,19,0,0,0,0,171,0
583,595,0,19,0,0,0,0,171,0
524,979,2,15,1,0,0,1,51,53
418,433,0,19,0,0,0,4,101,66
504,367,0,19,0,0,0,0,153,18
281,301,2,15,1,0,0,0,49,56
238,1130,1,17,0,0,0,0,120,16
227,595,0,19,0,0,0,0,171,0
348,223,1,17,0,0,0,3,70,63
207,367,1,17,0,0,0,0,136,0
169,367,1,17,0,0,0,0,136,0
811,154,1,17,0,0,0,0,66,70
396,136,0,19,0,0,0,1,153,17
1137,136,0,19,0,0,0,0,153,18
980,72,0,19,0,0,0,1,137,33
1145,72,0,19,0,0,0,2,137,32
1202,72,0,19,0,0,0,1,137,33
68,595,0,19,0,0,0,0,171,0
48,345,3,13,0,3,0,0,56,22
11,154,0,19,0,0,0,2,83,86
4,595,0,19,0,0,0,0,171,0
1006,719,0,18,0,0,0,0,136,17
1162,719,0,18,0,0,0,0,136,17
1295,719,0,18,0,0,0,0,136,17
684,719,0,18,0,0,0,0,136,17
683,755,4,10,0,6,0,0,29,16
524,760,0,18,0,0,0,0,73,80
521,719,0,18,0,0,0,0,136,17
524,513,3,12,2,1,0,1,31,34
476,719,0,18,0,0,0,0,136,17
469,1130,0,18,0,0,0,1,136,16
546,367,0,18,0,0,0,0,153,0
1411,367,0,18,0,0,0,0,153,0
572,355,0,18,0,0,0,0,81,72
584,355,0,18,0,0,0,0,81,72
777,252,2,14,1,0,0,2,51,38
209,136,0,18,0,0,0,0,153,0
225,136,0,18,0,0,0,0,153,0
274,136,0,18,0,0,0,0,153,0
342,136,0,18,0,0,0,0,153,0
622,136,0,18,0,0,0,0,153,0
693,136,0,18,0,0,0,0,153,0
725,136,0,18,0,0,0,0,153,0
919,136,0,18,0,0,0,0,153,0
998,134,2,14,1,0,0,0,58,33
1273,122,0,18,0,0,0,0,81,72
83,433,0,18,0,0,0,4,97,52
163,72,1,16,0,0,0,0,120,0
363,72,0,18,0,0,0,0,136,17
461,72,1,16,0,0,0,0,120,0
565,72,0,18,0,0,0,1,136,16
899,72,0,18,0,0,0,2,136,15
1117,72,0,18,0,0,0,0,136,17
1203,72,1,16,0,0,0,0,120,0
65,136,0,18,0,0,0,0,153,0
60,136,0,18,0,0,0,0,153,0
13,433,0,18,0,0,0,0,97,56
6,367,0,18,0,0,0,0,153,0
1184,1130,0,17,0,0,0,0,136,0
1185,1130,0,17,0,0,0,0,136,0
1368,942,0,17,0,0,0,0,64,72
939,1130,0,17,0,0,0,0,136,0
740,1130,0,17,0,0,0,0,136,0
1299,719,0,17,0,0,0,0,136,0
1300,719,0,17,0,0,0,0,136,0
1301,719,0,17,0,0,0,0,136,0
1302,719,0,17,0,0,0,0,136,0
1303,719,0,17,0,0,0,0,136,0
1304,719,0,17,0,0,0,0,136,0
1305,719,0,17,0,0,0,0,136,0
1306,719,0,17,0,0,0,0,136,0
1307,719,0,17,0,0,0,0,136,0
1308,719,0,17,0,0,0,0,136,0
1309,719,0,17,0,0,0,0,136,0
652,854,0,17,0,0,0,5,84,47
998,633,2,13,1,0,0,0,48,30
603,970,0,17,0,0,0,2,64,70
590,1130,0,17,0,0,0,0,136,0
445,979,0,17,0,0,0,0,70,66
1052,433,0,17,0,0,0,0,94,42
1144,433,0,17,0,0,0,5,94,37
409,1130,0,17,0,0,0,0,136,0
757,355,0,17,0,0,0,0,76,60
969,345,0,17,0,0,0,0,94,42
818,257,0,17,0,0,0,0,84,52
905,223,2,13,1,0,0,2,48,28
202,81,0,17,0,0,0,2,70,64
632,72,0,17,0,0,0,0,136,0
745,72,0,17,0,0,0,0,136,0
769,72,0,17,0,0,0,0,136,0
1201,72,0,17,0,0,0,0,136,0
1186,979,0,16,0,0,0,0,65,55
956,1101,0,16,0,0,0,0,60,60
1193,854,2,12,1,0,0,0,55,11
1110,755,1,14,0,0,0,0,58,33
777,513,2,12,1,0,0,2,34,30
464,920,0,16,0,0,0,0,60,60
623,433,0,16,0,0,0,1,92,27
973,433,0,16,0,0,0,4,92,24
594,345,0,16,0,0,0,0,92,28
1065,345,1,14,0,0,0,0,78,13
1041,341,0,16,0,0,0,0,56,64
337,1212,0,16,0,0,0,0,65,55
302,563,0,16,0,0,0,2,65,53
348,281,2,12,0,1,0,1,31,34
868,252,1,14,0,0,0,0,58,33
1056,252,1,14,0,0,0,1,58,32
241,281,0,16,0,0,0,0,57,63
405,223,2,12,1,0,0,2,46,18
213,355,0,16,0,0,0,1,72,47
166,131,0,16,0,0,0,0,60,60
130,134,0,16,0,0,0,0,81,39
129,1101,0,16,0,0,0,0,60,60
536,122,0,16,0,0,0,0,72,48
90,563,0,16,0,0,0,1,65,54
80,223,2,12,1,0,0,3,46,17
166,25,1,14,0,0,0,1,46,44
1029,25,3,10,1,2,0,4,24,17
777,12,0,16,0,0,0,2,60,58
1056,979,1,13,0,0,0,0,48,30
971,979,0,15,0,0,0,1,61,43
963,1101,0,15,0,0,0,1,55,49
963,1113,0,15,0,0,0,0,55,50
940,1101,0,15,0,0,0,1,55,49
802,1315,0,15,0,0,0,0,69,36
824,760,0,15,0,0,0,1,55,49
664,920,1,13,0,0,0,3,42,33
664,1113,1,13,0,0,0,0,42,36
535,854,1,13,0,0,0,0,66,12
1164,465,0,15,0,0,0,0,49,56
436,603,0,15,0,0,0,2,49,54
867,433,0,15,0,0,0,0,91,14
606,345,0,15,0,0,0,0,91,14
783,345,1,13,0,0,0,0,78,0
1095,345,1,13,0,0,0,0,78,0
321,1212,0,15,0,0,0,0,61,44
303,854,0,15,0,0,0,0,79,26
905,301,2,11,1,0,0,1,31,23
287,406,3,9,0,3,0,0,18,18
275,345,0,15,0,0,0,0,91,14
937,267,0,15,0,0,0,0,61,44
821,257,0,15,0,0,0,0,79,26
881,257,0,15,0,0,0,0,79,26
1193,252,2,11,1,0,0,0,45,10
230,345,0,15,0,0,0,0,91,14
519,223,2,11,0,1,0,0,45,10
1410,223,2,11,0,1,0,0,45,10
208,345,0,15,0,0,0,0,91,14
124,267,1,13,0,0,0,1,48,29
124,979,0,15,0,0,0,1,61,43
49,345,0,15,0,0,0,0,91,14
33,854,0,15,0,0,0,3,79,23
784,25,2,11,1,0,0,4,31,20
20,1067,1,13,0,0,0,1,38,39
247,12,1,13,0,0,0,1,42,35
1074,12,1,13,0,0,0,1,42,35
1273,1041,0,14,0,0,0,0,43,48
914,854,0,14,0,0,0,0,78,13
1245,854,0,14,0,0,0,0,78,13
799,1332,0,14,0,0,0,0,51,40
690,920,0,14,0,0,0,0,51,40
742,633,0,14,0,0,0,0,67,24
615,1101,0,14,0,0,0,1,51,39
868,513,1,12,0,0,0,0,39,27
445,603,0,14,0,0,0,2,43,46
764,433,0,14,0,0,0,0,91,0
832,433,0,14,0,0,0,0,91,0
873,433,0,14,0,0,0,0,91,0
1024,433,0,14,0,0,0,0,91,0
1089,433,0,14,0,0,0,0,91,0
404,433,0,14,0,0,0,0,91,0
389,1041,3,8,3,0,0,0,13,15
742,355,0,14,0,0,0,0,67,24
520,345,0,14,0,0,0,0,91,0
1091,345,0,14,0,0,0,0,91,0
1029,341,2,10,1,0,0,4,21,20
319,760,0,14,0,0,0,0,51,40
405,301,2,10,1,0,0,1,29,15
358,257,1,12,0,0,0,0,66,0
253,465,1,12,0,0,0,2,31,33
667,252,0,14,0,0,0,0,67,24
140,345,0,14,0,0,0,0,91,0
1034,134,0,14,0,0,0,0,78,13
1036,134,0,14,0,0,0,0,78,13
1070,134,0,14,0,0,0,0,78,13
849,122,0,14,0,0,0,0,67,24
1084,122,0,14,0,0,0,0,67,24
80,301,2,10,1,0,0,2,29,14
38,854,0,14,0,0,0,0,78,13
16,345,0,14,0,0,0,0,91,0
1202,1212,0,13,0,0,0,1,56,21
1131,1368,0,13,0,0,0,0,38,40
1155,1101,0,13,0,0,0,0,48,30
1084,1212,0,13,0,0,0,0,56,22
1131,1041,0,13,0,0,0,0,38,40
980,1212,0,13,0,0,0,1,56,21
971,942,0,13,0,0,0,0,42,36
1035,920,0,13,0,0,0,3,48,27
1389,854,0,13,0,0,0,0,78,0
845,1315,0,13,0,0,0,0,66,12
777,974,0,13,0,0,0,7,36,35
841,755,1,11,0,0,0,0,55,0
1119,755,1,11,0,0,0,0,55,0
669,755,0,13,0,0,0,0,66,12
1017,633,0,13,0,0,0,0,66,12
607,1212,0,13,0,0,0,0,56,22
601,970,0,13,0,0,0,2,42,34
609,563,0,13,0,0,0,3,56,19
662,563,0,13,0,0,0,2,56,20
944,563,0,13,0,0,0,0,56,22
535,979,1,11,0,0,0,0,45,10
1193,513,2,9,1,0,0,0,28,8
495,633,0,13,0,0,0,0,66,12
1172,465,1,11,0,0,0,0,27,28
384,1294,1,11,0,0,0,0,25,30
987,355,0,13,0,0,0,0,66,12
1070,355,0,13,0,0,0,0,66,12
784,341,2,9,1,0,0,4,18,14
337,603,0,13,0,0,0,0,38,40
757,333,0,13,0,0,0,0,38,40
328,1113,0,13,0,0,0,1,48,29
1040,320,0,13,0,0,0,0,38,40
1406,301,0,13,0,0,0,0,48,30
488,267,0,13,0,0,0,1,56,21
656,257,0,13,0,0,0,0,78,0
749,257,0,13,0,0,0,0,78,0
776,257,0,13,0,0,0,0,78,0
808,257,0,13,0,0,0,0,78,0
847,257,0,13,0,0,0,0,78,0
1043,257,0,13,0,0,0,0,78,0
253,791,0,13,0,0,0,1,36,41
1233,252,1,11,0,0,0,0,55,0
251,301,0,13,0,0,0,0,48,30
234,1101,0,13,0,0,0,0,48,30
344,223,0,13,0,0,0,0,66,12
1421,223,1,11,0,0,0,0,55,0
1423,223,1,11,0,0,0,0,55,0
214,920,0,13,0,0,0,0,48,30
211,257,0,13,0,0,0,0,78,0
210,271,0,13,0,0,0,1,48,29
202,448,2,9,0,1,0,3,16,17
180,920,1,11,0,0,0,2,37,16
180,1113,1,11,0,0,0,0,37,18
1145,154,0,13,0,0,0,2,56,20
277,134,0,13,0,0,0,0,78,0
290,134,0,13,0,0,0,0,78,0
842,134,0,13,0,0,0,0,78,0
853,134,0,13,0,0,0,0,78,0
859,134,0,13,0,0,0,0,78,0
1126,134,0,13,0,0,0,0,78,0
105,134,0,13,0,0,0,0,78,0
542,85,1,11,0,0,0,0,27,28
626,81,1,11,0,0,0,0,45,10
1180,81,1,11,0,0,0,0,45,10
80,281,2,9,1,0,0,1,22,13
75,755,1,11,0,0,0,0,55,0
33,81,0,13,0,0,0,1,56,21
472,25,1,11,0,0,0,0,37,18
955,25,2,9,1,0,0,5,28,3
1371,1368,0,12,0,0,0,0,34,32
1316,1315,0,12,0,0,0,0,66,0
1317,1315,0,12,0,0,0,0,66,0
1318,1315,0,12,0,0,0,0,66,0
1319,1315,0,12,0,0,0,0,66,0
1320,1315,0,12,0,0,0,0,66,0
1321,1315,0,12,0,0,0,0,66,0
1322,1315,0,12,0,0,0,0,66,0
1323,1315,0,12,0,0,0,0,66,0
1324,1315,0,12,0,0,0,0,66,0
1325,1315,0,12,0,0,0,0,66,0
1326,1315,0,12,0,0,0,0,66,0
1215,1212,0,12,0,0,0,0,55,11
1148,1212,0,12,0,0,0,0,55,11
1144,1067,0,12,0,0,0,1,39,26
1055,974,1,10,0,0,0,1,21,23
1170,974,0,12,0,0,0,4,31,31
972,1294,0,12,0,0,0,1,31,34
1106,942,0,12,0,0,0,0,39,27
1077,920,0,12,0,0,0,4,46,16
865,920,0,12,0,0,0,0,46,20
871,755,0,12,0,0,0,0,66,0
682,979,0,12,0,0,0,0,55,11
649,755,0,12,0,0,0,0,66,0
637,755,0,12,0,0,0,0,66,0
720,633,0,12,0,0,0,0,66,0
916,633,0,12,0,0,0,0,66,0
1027,633,0,12,0,0,0,0,66,0
966,603,0,12,0,0,0,0,34,32
585,791,0,12,0,0,0,1,31,34
578,755,0,12,0,0,0,0,66,0
689,572,0,12,0,0,0,0,30,36
1269,563,0,12,0,0,0,0,55,11
674,539,5,2,8,2,0,0,0,1
652,524,1,10,0,0,0,3,24,18
512,1164,0,12,0,0,0,0,31,35
584,445,0,12,0,0,0,0,30,36
415,1164,0,12,0,0,0,0,31,35
737,355,0,12,0,0,0,0,66,0
759,355,0,12,0,0,0,0,66,0
1228,355,0,12,0,0,0,0,66,0
1229,355,0,12,0,0,0,0,66,0
324,333,0,12,0,0,0,1,34,31
322,920,0,12,0,0,0,0,46,20
314,755,0,12,0,0,0,0,66,0
519,281,1,10,0,0,0,0,29,16
1410,281,2,8,0,1,0,0,21,7
605,271,0,12,0,0,0,0,46,20
1014,271,0,12,0,0,0,1,46,19
654,267,0,12,0,0,0,0,55,11
233,603,0,12,0,0,0,0,34,32
387,223,0,12,0,0,0,0,66,0
1422,223,0,12,0,0,0,0,66,0
221,633,0,12,0,0,0,0,66,0
208,1212,0,12,0,0,0,0,55,11
205,1212,0,12,0,0,0,0,55,11
199,458,0,12,0,0,0,0,39,27
167,755,0,12,0,0,0,0,66,0
1029,166,1,10,0,0,0,2,20,23
164,755,0,12,0,0,0,0,66,0
188,154,0,12,0,0,0,0,55,11
358,154,1,10,0,0,0,0,45,0
899,154,0,12,0,0,0,2,55,9
138,333,0,12,0,0,0,1,34,31
303,131,0,12,0,0,0,0,46,20
189,122,0,12,0,0,0,0,66,0
280,122,0,12,0,0,0,0,66,0
338,122,0,12,0,0,0,0,66,0
425,122,0,12,0,0,0,0,66,0
471,122,0,12,0,0,0,0,66,0
120,633,0,12,0,0,0,0,66,0
110,267,1,10,0,0,0,0,45,0
169,81,1,10,0,0,0,0,45,0
495,81,0,12,0,0,0,0,55,11
1179,81,0,12,0,0,0,0,55,11
1181,81,0,12,0,0,0,0,55,11
69,563,0,12,0,0,0,0,55,11
61,760,0,12,0,0,0,1,46,19
57,267,1,10,0,0,0,0,45,0
53,355,0,12,0,0,0,0,66,0
464,43,0,12,0,0,0,0,30,36
35,633,0,12,0,0,0,0,66,0
30,633,0,12,0,0,0,0,66,0
263,25,1,10,0,0,0,5,36,4
347,25,2,8,1,0,0,0,28,0
620,25,0,12,0,0,0,6,46,14
1063,25,1,10,0,0,0,5,36,4
17,1368,0,12,0,0,0,0,34,32
626,12,1,10,0,0,0,0,36,9
1180,12,1,10,0,0,0,0,36,9
601,11,0,12,0,0,0,0,34,32
1213,1212,0,11,0,0,0,0,55,0
1214,1212,0,11,0,0,0,0,55,0
1189,1332,0,11,0,0,0,0,45,10
1044,1041,3,5,3,0,0,0,10,0
1183,979,0,11,0,0,0,0,55,0
1180,942,0,11,0,0,0,0,37,18
1310,942,0,11,0,0,0,0,37,18
938,1041,3,5,3,0,0,0,10,0
1124,920,0,11,0,0,0,0,45,10
1040,898,0,11,0,0,0,1,25,29
821,942,0,11,0,0,0,0,37,18
796,1101,0,11,0,0,0,1,45,9
784,1029,3,5,2,1,0,0,4,6
736,898,0,11,0,0,0,1,25,29
732,1067,1,9,0,0,0,0,28,8
728,760,0,11,0,0,0,0,45,10
712,974,0,11,0,0,0,5,27,23
757,674,3,5,3,0,0,0,4,6
623,1067,1,9,0,0,0,1,28,7
586,1332,0,11,0,0,0,0,45,10
1131,584,0,11,0,0,0,0,25,30
565,1113,0,11,0,0,0,1,45,9
746,563,0,11,0,0,0,0,55,0
1270,563,0,11,0,0,0,0,55,0
1271,563,0,11,0,0,0,0,55,0
1272,563,0,11,0,0,0,0,55,0
561,1041,3,5,3,0,0,0,10,0
560,1067,0,11,0,0,0,0,37,18
757,539,3,5,3,0,0,0,4,6
1233,513,1,9,0,0,0,0,36,0
905,464,0,11,0,0,0,1,25,29
701,458,0,11,0,0,0,0,37,18
810,448,1,9,0,0,0,5,18,13
1115,448,2,7,1,0,0,4,11,6
442,1041,0,11,0,0,0,0,31,24
601,436,0,11,0,0,0,2,27,26
430,778,0,11,0,0,0,0,25,30
430,1273,0,11,0,0,0,0,25,30
414,1101,0,11,0,0,0,0,45,10
380,539,5,1,8,2,0,0,0,0
380,674,5,1,8,2,0,0,0,0
372,465,0,11,0,0,0,0,31,24
955,341,1,9,0,0,0,5,22,9
337,384,0,11,0,0,0,0,25,30
1132,320,0,11,0,0,0,0,31,24
318,406,1,9,0,0,0,0,28,8
288,448,2,7,1,0,0,4,11,6
486,281,1,9,0,0,0,0,28,8
1400,281,1,9,0,0,0,0,28,8
278,406,1,9,0,0,0,0,28,8
1048,271,0,11,0,0,0,0,45,10
1348,267,0,11,0,0,0,0,55,0
1349,267,0,11,0,0,0,0,55,0
1015,253,1,9,0,0,0,1,16,19
247,202,1,9,0,0,0,1,16,19
1074,202,1,9,0,0,0,1,16,19
302,166,0,11,0,0,0,3,25,27
441,154,0,11,0,0,0,0,55,0
751,154,0,11,0,0,0,0,55,0
758,154,0,11,0,0,0,0,55,0
1205,154,0,11,0,0,0,0,55,0
153,1113,0,11,0,0,0,0,45,10
146,301,0,11,0,0,0,0,45,10
90,384,0,11,0,0,0,0,25,30
90,572,0,11,0,0,0,0,25,30
1182,81,0,11,0,0,0,0,55,0
67,1168,0,11,0,0,0,0,25,30
66,942,0,11,0,0,0,0,37,18
32,539,5,1,8,2,0,0,0,0
32,674,5,1,8,2,0,0,0,0
789,25,0,11,0,0,0,0,45,10
22,202,2,7,0,1,0,3,9,9
469,12,0,11,0,0,0,1,45,9
1200,12,0,11,0,0,0,0,45,10
1333,1332,0,10,0,0,0,0,45,0
1334,1332,0,10,0,0,0,0,45,0
1335,1332,0,10,0,0,0,0,45,0
1336,1332,0,10,0,0,0,0,45,0
1337,1332,0,10,0,0,0,0,45,0
1338,1332,0,10,0,0,0,0,45,0
1339,1332,0,10,0,0,0,0,45,0
1340,1332,0,10,0,0,0,0,45,0
1138,1113,0,10,0,0,0,0,45,0
1071,1368,0,10,0,0,0,0,29,16
1392,946,1,8,0,0,0,0,13,15
1092,906,0,10,0,0,0,0,20,25
865,811,0,10,0,0,0,0,29,16
1106,791,0,10,0,0,0,0,24,21
822,760,0,10,0,0,0,0,45,0
877,760,0,10,0,0,0,0,45,0
716,760,0,10,0,0,0,0,45,0
1110,683,1,8,0,0,0,1,13,14
959,674,4,2,6,0,0,0,1,0
669,970,0,10,0,0,0,0,36,9
607,811,0,10,0,0,0,0,29,16
598,920,0,10,0,0,0,0,45,0
831,584,0,10,0,0,0,0,21,24
581,760,0,10,0,0,0,0,45,0
930,572,1,8,0,0,0,0,13,15
559,1368,0,10,0,0,0,0,29,16
545,760,0,10,0,0,0,0,45,0
959,539,4,2,6,0,0,0,1,0
514,1113,0,10,0,0,0,0,45,0
501,1101,0,10,0,0,0,0,45,0
491,760,0,10,0,0,0,0,45,0
1100,465,0,10,0,0,0,1,29,15
697,458,0,10,0,0,0,0,36,9
518,448,2,6,1,0,0,0,10,5
601,445,0,10,0,0,0,2,21,22
439,539,4,2,6,0,0,0,1,0
439,674,4,2,6,0,0,0,1,0
437,970,0,10,0,0,0,0,36,9
434,1113,0,10,0,0,0,0,45,0
585,430,0,10,0,0,0,0,20,25
426,448,0,10,0,0,0,5,24,16
1040,418,0,10,0,0,0,0,20,25
411,1113,0,10,0,0,0,0,45,0
432,406,1,8,0,0,0,0,28,0
654,406,0,10,0,0,0,0,36,9
757,380,3,4,3,0,0,0,2,4
490,348,0,10,0,0,0,4,24,17
620,341,0,10,0,0,0,6,29,10
1063,341,1,8,0,0,0,5,21,2
904,333,0,10,0,0,0,0,29,16
1187,320,0,10,0,0,0,0,29,16
1210,320,0,10,0,0,0,0,29,16
313,1294,1,8,0,0,0,0,16,12
337,302,0,10,0,0,0,0,20,25
534,301,0,10,0,0,0,0,45,0
1114,301,0,10,0,0,0,0,45,0
1408,301,0,10,0,0,0,0,45,0
966,287,0,10,0,0,0,0,21,24
327,271,0,10,0,0,0,0,45,0
566,271,0,10,0,0,0,0,45,0
575,271,0,10,0,0,0,0,45,0
580,271,0,10,0,0,0,0,45,0
934,271,0,10,0,0,0,0,45,0
1023,271,0,10,0,0,0,0,45,0
268,458,0,10,0,0,0,0,36,9
263,341,1,8,0,0,0,5,21,2
1074,247,3,4,0,3,0,0,2,4
394,241,1,8,0,0,0,0,16,12
1396,240,3,4,0,3,0,0,2,4
233,1029,0,10,0,0,0,0,21,24
232,584,0,10,0,0,0,0,21,24
1123,220,0,10,0,0,0,0,20,25
415,212,1,8,0,0,0,0,12,16
207,1067,1,8,0,0,0,0,28,0
810,202,2,6,0,1,0,1,7,7
188,970,0,10,0,0,0,0,36,9
170,1113,0,10,0,0,0,0,45,0
168,281,0,10,0,0,0,0,36,9
997,166,1,8,0,0,0,0,13,15
165,448,1,8,0,0,0,5,16,7
162,584,0,10,0,0,0,0,21,24
141,361,0,10,0,0,0,0,21,24
137,271,0,10,0,0,0,0,45,0
386,131,0,10,0,0,0,0,45,0
460,131,0,10,0,0,0,0,45,0
614,131,0,10,0,0,0,0,45,0
678,131,0,10,0,0,0,0,45,0
995,131,0,10,0,0,0,0,45,0
1030,131,0,10,0,0,0,0,45,0
119,458,0,10,0,0,0,0,36,9
116,131,0,10,0,0,0,0,45,0
113,131,0,10,0,0,0,0,45,0
708,90,0,10,0,0,0,0,20,25
905,90,0,10,0,0,0,1,20,24
820,85,0,10,0,0,0,1,29,15
891,85,1,8,0,0,0,0,21,7
985,85,1,8,0,0,0,0,21,7
380,32,5,0,8,2,0,0,0,0
757,32,3,4,3,0,0,0,2,4
17,1273,0,10,0,0,0,1,21,23
14,942,0,10,0,0,0,0,36,9
13,1273,0,10,0,0,0,1,21,23
1197,12,0,10,0,0,0,0,45,0
1198,12,0,10,0,0,0,0,45,0
1199,12,0,10,0,0,0,0,45,0
626,11,0,10,0,0,0,0,29,16
9,465,0,10,0,0,0,1,29,15
1242,1294,0,9,0,0,0,0,22,14
1265,1067,0,9,0,0,0,0,36,0
1056,1170,0,9,0,0,0,1,16,19
1289,972,0,9,0,0,0,0,16,20
971,1055,0,9,0,0,0,0,16,20
1129,963,0,9,0,0,0,0,16,20
953,1055,1,7,0,0,0,0,9,12
952,1168,0,9,0,0,0,0,18,18
937,1172,0,9,0,0,0,0,16,20
927,942,0,9,0,0,0,0,36,0
1110,906,0,9,0,0,0,3,16,17
1052,898,0,9,0,0,0,0,18,18
894,1164,0,9,0,0,0,0,22,14
831,998,0,9,0,0,0,0,16,20
930,824,0,9,0,0,0,0,16,20
818,972,0,9,0,0,0,0,16,20
801,974,1,7,0,0,0,0,15,6
891,791,0,9,0,0,0,0,22,14
1266,791,0,9,0,0,0,0,22,14
709,1368,0,9,0,0,0,0,28,8
640,970,0,9,0,0,0,0,36,0
613,791,0,9,0,0,0,0,22,14
600,1294,0,9,0,0,0,0,22,14
586,811,0,9,0,0,0,0,28,8
1418,464,1,7,0,0,0,1,11,9
463,970,0,9,0,0,0,0,36,0
639,458,0,9,0,0,0,0,36,0
698,458,0,9,0,0,0,0,36,0
826,458,0,9,0,0,0,0,36,0
449,970,0,9,0,0,0,0,36,0
969,445,0,9,0,0,0,0,18,18
894,436,0,9,0,0,0,0,22,14
431,458,0,9,0,0,0,0,36,0
1344,430,0,9,0,0,0,0,16,20
522,418,0,9,0,0,0,4,16,16
1371,418,0,9,0,0,0,2,16,18
407,603,1,7,0,0,0,0,21,0
619,406,0,9,0,0,0,0,36,0
855,406,0,9,0,0,0,0,36,0
917,406,0,9,0,0,0,0,36,0
405,905,3,3,1,2,0,0,1,2
399,603,1,7,0,0,0,0,21,0
561,389,3,3,3,0,0,0,3,0
938,389,3,3,3,0,0,0,3,0
1044,389,3,3,3,0,0,0,3,0
439,380,4,1,6,0,0,0,0,0
959,380,4,1,6,0,0,0,0,0
378,970,0,9,0,0,0,0,36,0
366,736,0,9,0,0,0,1,16,19
366,1040,0,9,0,0,0,1,16,19
350,539,0,9,0,0,0,0,18,18
485,348,1,7,0,0,0,0,15,6
593,348,0,9,0,0,0,0,22,14
1400,348,1,7,0,0,0,0,15,6
787,341,1,7,0,0,0,0,21,0
321,352,0,9,0,0,0,0,16,20
709,320,0,9,0,0,0,0,28,8
954,320,0,9,0,0,0,0,28,8
319,998,0,9,0,0,0,0,16,20
315,384,0,9,0,0,0,0,18,18
313,384,1,7,0,0,0,0,11,10
820,241,0,9,0,0,0,1,22,13
870,241,1,7,0,0,0,0,15,6
1129,204,0,9,0,0,0,0,16,20
173,406,0,9,0,0,0,0,36,0
165,202,2,5,0,1,0,1,6,3
100,406,0,9,0,0,0,0,36,0
184,85,1,7,0,0,0,0,21,0
1127,85,1,7,0,0,0,0,21,0
80,220,0,9,0,0,0,0,16,20
63,204,0,9,0,0,0,1,16,19
47,458,0,9,0,0,0,0,36,0
408,43,0,9,0,0,0,0,18,18
439,32,4,1,6,0,0,0,0,0
959,32,4,1,6,0,0,0,0,0
288,22,1,7,0,0,0,4,9,8
810,22,1,7,0,0,0,5,9,7
1115,22,1,7,0,0,0,4,9,8
18,85,0,9,0,0,0,0,28,8
728,11,0,9,0,0,0,0,28,8
1203,11,1,7,0,0,0,0,21,0
1216,11,0,9,0,0,0,0,28,8
1369,1368,0,8,0,0,0,0,28,0
1370,1368,0,8,0,0,0,0,28,0
1295,1294,0,8,0,0,0,0,21,7
1296,1294,0,8,0,0,0,1,21,6
1221,1273,0,8,0,0,0,0,16,12
1090,1041,0,8,0,0,0,0,28,0
1087,971,0,8,0,0,0,2,12,14
965,1396,1,6,0,0,0,0,7,8
1042,963,0,8,0,0,0,1,13,14
948,1029,1,6,0,0,0,1,10,4
1166,946,1,6,0,0,0,0,10,5
1286,946,0,8,0,0,0,0,16,12
1161,811,0,8,0,0,0,0,28,0
1163,811,0,8,0,0,0,0,28,0
800,1164,0,8,0,0,0,0,21,7
810,799,0,8,0,0,0,3,12,13
968,778,0,8,0,0,0,0,16,12
823,708,0,8,0,0,0,0,13,15
1020,690,0,8,0,0,0,0,12,16
926,689,0,8,0,0,0,0,16,12
1087,652,0,8,0,0,0,0,12,16
607,689,0,8,0,0,0,0,16,12
1059,524,0,8,0,0,0,0,28,0
1196,524,0,8,0,0,0,0,28,0
523,811,0,8,0,0,0,0,28,0
515,811,0,8,0,0,0,0,28,0
490,905,1,6,0,0,0,3,7,5
990,465,0,8,0,0,0,0,28,0
605,464,0,8,0,0,0,1,16,11
930,454,0,8,0,0,0,0,12,16
1264,448,0,8,0,0,0,0,21,7
959,439,4,0,6,0,0,0,0,0
422,464,1,6,0,0,0,0,10,5
1073,420,0,8,0,0,0,0,13,15
408,708,0,8,0,0,0,0,13,15
393,683,0,8,0,0,0,1,16,11
1210,389,0,8,0,0,0,0,16,12
1244,384,0,8,0,0,0,0,16,12
1104,361,0,8,0,0,0,0,16,12
394,352,0,8,0,0,0,0,13,15
474,352,0,8,0,0,0,1,13,14
350,430,0,8,0,0,0,0,13,15
349,465,0,8,0,0,0,0,28,0
1401,348,1,6,0,0,0,0,15,0
890,337,0,8,0,0,0,0,13,15
419,333,0,8,0,0,0,0,28,0
838,333,0,8,0,0,0,0,28,0
1142,333,0,8,0,0,0,0,28,0
1150,333,0,8,0,0,0,0,28,0
831,321,0,8,0,0,0,0,12,16
1385,320,0,8,0,0,0,0,28,0
1386,320,0,8,0,0,0,0,28,0
1387,320,0,8,0,0,0,0,28,0
315,397,0,8,0,0,0,0,13,15
313,306,0,8,0,0,0,0,13,15
1115,288,3,2,1,2,0,0,0,1
318,287,1,6,0,0,0,0,10,5
279,361,0,8,0,0,0,0,16,12
278,287,1,6,0,0,0,0,10,5
266,1168,0,8,0,0,0,0,16,12
444,259,0,8,0,0,0,0,12,16
255,784,0,8,0,0,0,0,13,15
688,253,1,6,0,0,0,1,10,4
243,415,3,2,1,2,0,0,1,0
965,240,1,6,0,0,0,0,7,8
236,603,0,8,0,0,0,0,28,0
234,1015,0,8,0,0,0,0,13,15
224,1235,0,8,0,0,0,0,13,15
823,220,0,8,0,0,0,0,13,15
259,213,0,8,0,0,0,0,12,16
243,212,1,6,0,0,0,0,7,8
350,204,0,8,0,0,0,0,13,15
198,524,0,8,0,0,0,0,28,0
193,333,0,8,0,0,0,0,28,0
180,664,3,2,0,3,0,0,1,0
459,166,1,6,0,0,0,0,10,5
158,1123,0,8,0,0,0,0,13,15
157,777,0,8,0,0,0,4,16,8
953,124,1,6,0,0,0,0,6,9
1087,124,0,8,0,0,0,2,12,14
1173,85,0,8,0,0,0,0,28,0
366,83,0,8,0,0,0,2,12,14
522,83,0,8,0,0,0,4,12,12
82,585,0,8,0,0,0,0,13,15
1001,43,0,8,0,0,0,0,16,12
33,777,0,8,0,0,0,4,16,8
690,24,0,8,0,0,0,0,12,16
165,22,1,6,0,0,0,5,7,3
426,22,0,8,0,0,0,5,13,10
375,20,1,6,0,0,0,0,10,5
623,20,1,6,0,0,0,0,10,5
1195,20,1,6,0,0,0,0,10,5
291,11,0,8,0,0,0,0,28,0
933,11,0,8,0,0,0,0,28,0
1297,1294,0,7,0,0,0,0,21,0
1187,1186,0,7,0,0,0,0,11,10
1329,1129,0,7,0,0,0,0,9,12
1096,1164,0,7,0,0,0,0,21,0
1073,1392,0,7,0,0,0,0,9,12
1065,1235,0,7,0,0,0,0,11,10
1062,1164,0,7,0,0,0,0,21,0
1100,1015,0,7,0,0,0,1,11,9
1341,972,0,7,0,0,0,1,11,9
1025,937,0,7,0,0,0,0,9,12
924,983,1,5,0,0,0,2,6,2
921,972,0,7,0,0,0,0,11,10
911,956,0,7,0,0,0,0,15,6
879,953,1,5,0,0,0,0,4,6
1221,824,0,7,0,0,0,0,11,10
1267,791,0,7,0,0,0,0,21,0
1268,791,0,7,0,0,0,0,21,0
922,689,0,7,0,0,0,0,15,6
688,1015,1,5,0,0,0,0,6,4
841,683,1,5,0,0,0,0,10,0
1119,683,1,5,0,0,0,0,10,0
681,937,1,5,0,0,0,0,4,6
673,778,0,7,0,0,0,0,15,6
655,1074,1,5,0,0,0,0,6,4
602,778,0,7,0,0,0,0,15,6
576,974,0,7,0,0,0,0,21,0
1116,572,1,5,0,0,0,0,10,0
985,542,2,3,0,1,0,0,3,0
529,1131,0,7,0,0,0,0,11,10
1144,522,0,7,0,0,0,4,9,8
518,1115,2,3,1,0,0,0,1,2
508,1168,0,7,0,0,0,0,15,6
503,971,0,7,0,0,0,1,9,11
497,946,0,7,0,0,0,0,15,6
437,674,0,7,0,0,0,0,15,6
629,436,0,7,0,0,0,0,21,0
635,436,0,7,0,0,0,0,21,0
1045,436,0,7,0,0,0,0,21,0
1154,436,0,7,0,0,0,0,21,0
767,415,2,3,1,0,0,0,3,0
964,415,2,3,1,0,0,0,3,0
413,1164,0,7,0,0,0,0,21,0
490,405,1,5,0,0,0,3,4,3
908,405,0,7,0,0,0,0,9,12
710,397,0,7,0,0,0,0,11,10
393,906,0,7,0,0,0,1,11,9
457,389,0,7,0,0,0,0,15,6
1211,389,0,7,0,0,0,0,15,6
369,983,2,3,0,1,0,0,3,0
1144,366,0,7,0,0,0,2,9,10
658,352,0,7,0,0,0,0,11,10
1399,348,0,7,0,0,0,0,21,0
340,1168,0,7,0,0,0,0,15,6
336,361,0,7,0,0,0,0,15,6
331,956,0,7,0,0,0,0,15,6
350,324,0,7,0,0,0,0,9,12
315,846,0,7,0,0,0,0,9,12
351,306,0,7,0,0,0,0,11,10
395,306,0,7,0,0,0,0,11,10
948,302,1,5,0,0,0,1,6,3
294,615,0,7,0,0,0,0,9,12
518,288,2,3,1,0,0,0,1,2
432,287,1,5,0,0,0,0,10,0
914,287,0,7,0,0,0,0,15,6
285,512,0,7,0,0,0,0,11,10
284,898,0,7,0,0,0,0,15,6
275,1168,0,7,0,0,0,0,15,6
256,572,0,7,0,0,0,0,15,6
676,253,0,7,0,0,0,0,15,6
655,247,1,5,0,0,0,0,6,4
1080,241,0,7,0,0,0,0,21,0
1156,241,0,7,0,0,0,0,21,0
234,1002,0,7,0,0,0,0,9,12
1042,233,0,7,0,0,0,0,9,12
228,736,0,7,0,0,0,0,11,10
222,259,0,7,0,0,0,0,9,12
851,192,2,3,1,0,0,0,1,2
168,445,0,7,0,0,0,0,15,6
661,166,0,7,0,0,0,0,15,6
165,799,0,7,0,0,0,3,9,9
157,1170,0,7,0,0,0,4,11,6
294,138,0,7,0,0,0,0,9,12
383,129,0,7,0,0,0,0,15,6
612,129,0,7,0,0,0,0,15,6
148,83,0,7,0,0,0,0,9,12
490,80,0,7,0,0,0,6,9,6
79,436,0,7,0,0,0,0,21,0
75,683,1,5,0,0,0,0,10,0
158,70,0,7,0,0,0,1,9,11
64,192,2,3,1,0,0,0,1,2
1065,48,1,5,0,0,0,0,6,4
400,43,0,7,0,0,0,0,15,6
682,43,0,7,0,0,0,0,15,6
5,778,0,7,0,0,0,0,15,6
1,1392,0,7,0,0,0,0,9,12
1395,1396,1,4,0,0,0,0,6,0
1394,1396,1,4,0,0,0,0,6,0
1274,1273,0,6,0,0,0,0,15,0
1255,1312,0,6,0,0,0,0,10,5
1189,1186,0,6,0,0,0,0,10,5
1181,1186,0,6,0,0,0,0,10,5
1166,1392,1,4,0,0,0,0,3,3
1207,1129,0,6,0,0,0,0,7,8
1088,1123,0,6,0,0,0,0,10,5
1105,1055,0,6,0,0,0,0,10,5
1128,1040,0,6,0,0,0,0,10,5
989,1168,0,6,0,0,0,0,15,0
1441,983,1,4,0,0,0,0,6,0
980,1002,0,6,0,0,0,0,7,8
973,1371,0,6,0,0,0,2,7,6
1140,940,0,6,0,0,0,0,10,5
1044,938,3,0,3,0,0,0,0,0
921,930,0,6,0,0,0,0,7,8
921,1087,0,6,0,0,0,0,7,8
1005,898,0,6,0,0,0,0,15,0
896,1312,0,6,0,0,0,0,10,5
893,956,0,6,0,0,0,0,15,0
882,983,0,6,0,0,0,2,10,3
861,997,0,6,0,0,0,0,7,8
807,802,0,6,0,0,0,0,6,9
1125,799,0,6,0,0,0,1,7,7
789,1171,0,6,0,0,0,0,10,5
785,946,0,6,0,0,0,0,15,0
839,778,0,6,0,0,0,0,15,0
993,773,0,6,0,0,0,0,7,8
951,712,0,6,0,0,0,0,7,8
911,708,0,6,0,0,0,0,10,5
700,956,0,6,0,0,0,0,15,0
699,898,0,6,0,0,0,0,15,0
1152,689,0,6,0,0,0,0,15,0
684,940,0,6,0,0,0,0,10,5
809,683,0,6,0,0,0,0,15,0
670,648,1,4,0,0,0,0,3,3
647,1392,0,6,0,0,0,0,7,8
646,1129,0,6,0,0,0,0,7,8
630,1131,0,6,0,0,0,0,10,5
587,1055,0,6,0,0,0,1,10,4
1147,584,0,6,0,0,0,0,15,0
802,579,0,6,0,0,0,0,6,9
872,572,0,6,0,0,0,0,15,0
938,561,3,0,3,0,0,0,0,0
1044,561,3,0,3,0,0,0,0,0
895,542,0,6,0,0,0,0,10,5
528,1172,0,6,0,0,0,0,10,5
973,522,0,6,0,0,0,4,7,4
1447,512,0,6,0,0,0,0,10,5
908,503,0,6,0,0,0,0,6,9
475,946,0,6,0,0,0,0,15,0
473,778,0,6,0,0,0,0,15,0
807,472,0,6,0,0,0,0,6,9
459,997,2,2,0,1,0,0,1,0
1084,454,0,6,0,0,0,0,7,8
452,1092,0,6,0,0,0,0,10,5
685,446,0,6,0,0,0,0,7,8
1135,445,0,6,0,0,0,0,15,0
429,418,1,4,0,0,0,0,6,0
908,408,0,6,0,0,0,0,6,9
1021,408,0,6,0,0,0,0,6,9
402,1092,1,4,0,0,0,0,6,0
1021,394,1,4,0,0,0,0,2,4
1298,384,0,6,0,0,0,0,15,0
374,946,0,6,0,0,0,0,15,0
890,372,0,6,0,0,0,0,6,9
1418,372,0,6,0,0,0,1,6,8
370,983,0,6,0,0,0,2,10,3
1011,361,0,6,0,0,0,0,15,0
353,906,0,6,0,0,0,2,10,3
396,352,0,6,0,0,0,1,10,4
323,361,0,6,0,0,0,0,15,0
703,321,0,6,0,0,0,0,7,8
692,306,0,6,0,0,0,0,10,5
1060,306,0,6,0,0,0,0,10,5
292,689,0,6,0,0,0,0,15,0
1393,287,0,6,0,0,0,0,15,0
278,319,0,6,0,0,0,0,7,8
1081,270,0,6,0,0,0,0,6,9
268,1170,0,6,0,0,0,0,10,5
261,1171,0,6,0,0,0,1,10,4
1064,251,1,4,0,0,0,0,2,4
1394,240,1,4,0,0,0,0,6,0
1395,240,1,4,0,0,0,0,6,0
239,1396,0,6,0,0,0,0,10,5
238,652,1,4,0,0,0,0,3,3
318,233,0,6,0,0,0,0,7,8
710,232,0,6,0,0,0,0,7,8
834,220,0,6,0,0,0,0,10,5
294,214,0,6,0,0,0,0,6,9
205,1015,0,6,0,0,0,0,10,5
197,418,1,4,0,0,0,0,6,0
194,615,0,6,0,0,0,0,7,8
909,192,2,2,1,0,0,0,1,0
191,361,0,6,0,0,0,0,15,0
1073,158,0,6,0,0,0,0,6,9
157,712,0,6,0,0,0,4,7,4
294,130,0,6,0,0,0,0,6,9
215,129,0,6,0,0,0,0,15,0
506,129,0,6,0,0,0,0,15,0
532,129,0,6,0,0,0,0,15,0
591,129,0,6,0,0,0,0,15,0
111,956,0,6,0,0,0,0,15,0
102,956,0,6,0,0,0,0,15,0
1261,96,0,6,0,0,0,0,6,9
163,67,1,4,0,0,0,0,6,0
336,67,0,6,0,0,0,0,10,5
461,67,1,4,0,0,0,0,6,0
1432,67,0,6,0,0,0,0,10,5
66,162,0,6,0,0,0,0,7,8
851,64,2,2,1,0,0,0,0,1
59,906,0,6,0,0,0,2,10,3
260,58,0,6,0,0,0,0,7,8
56,1092,0,6,0,0,0,0,10,5
52,233,0,6,0,0,0,0,7,8
783,48,1,4,0,0,0,0,6,0
1095,48,1,4,0,0,0,0,6,0
864,43,0,6,0,0,0,0,15,0
1263,43,0,6,0,0,0,0,15,0
31,542,1,4,0,0,0,0,6,0
152,24,0,6,0,0,0,0,7,8
1361,20,0,6,0,0,0,0,15,0
1362,20,0,6,0,0,0,0,15,0
7,444,1,4,0,0,0,0,3,3
1414,1396,0,5,0,0,0,0,10,0
1424,1371,0,5,0,0,0,0,6,4
1347,1344,0,5,0,0,0,0,6,4
1313,1312,0,5,0,0,0,0,10,0
1314,1312,0,5,0,0,0,0,10,0
1311,1312,0,5,0,0,0,0,10,0
1236,1235,0,5,0,0,0,0,10,0
1237,1235,0,5,0,0,0,0,10,0
1238,1235,0,5,0,0,0,0,10,0
1239,1235,0,5,0,0,0,0,10,0
1207,1206,0,5,0,0,0,0,4,6
1210,1206,0,5,0,0,0,0,4,6
1200,1344,0,5,0,0,0,0,6,4
1192,1193,0,5,0,0,0,0,4,6
1188,1186,0,5,0,0,0,0,10,0
1225,1123,0,5,0,0,0,0,10,0
1430,1123,0,5,0,0,0,0,10,0
1431,1123,0,5,0,0,0,0,10,0
1391,1074,0,5,0,0,0,0,10,0
1071,1284,0,5,0,0,0,0,4,6
1069,1186,0,5,0,0,0,0,10,0
1061,1171,0,5,0,0,0,0,10,0
1038,1312,0,5,0,0,0,0,10,0
1026,1064,1,3,0,0,0,0,1,2
1019,1171,0,5,0,0,0,0,10,0
1053,1015,0,5,0,0,0,0,10,0
1380,972,0,5,0,0,0,0,10,0
1167,963,0,5,0,0,0,0,10,0
958,940,0,5,0,0,0,0,10,0
977,940,0,5,0,0,0,0,10,0
1116,930,1,3,0,0,0,0,3,0
904,1284,0,5,0,0,0,0,4,6
924,883,0,5,0,0,0,2,4,4
870,1021,1,3,0,0,0,0,1,2
867,1002,0,5,0,0,0,0,6,4
909,851,2,1,1,0,0,0,0,0
1219,824,0,5,0,0,0,0,10,0
1220,824,0,5,0,0,0,0,10,0
813,1170,0,5,0,0,0,0,10,0
1078,799,0,5,0,0,0,1,6,3
798,943,1,3,0,0,0,0,1,2
1143,773,0,5,0,0,0,0,6,4
768,866,0,5,0,0,0,0,4,6
747,906,0,5,0,0,0,0,10,0
786,736,0,5,0,0,0,0,10,0
732,879,1,3,0,0,0,0,1,2
726,943,1,3,0,0,0,0,1,2
935,711,0,5,0,0,0,0,6,4
912,708,0,5,0,0,0,0,10,0
666,736,0,5,0,0,0,0,10,0
710,657,0,5,0,0,0,0,4,6
613,1099,0,5,0,0,0,0,4,6
1037,601,0,5,0,0,0,0,6,4
587,712,0,5,0,0,0,1,6,3
570,657,0,5,0,0,0,1,4,5
570,802,0,5,0,0,0,0,4,6
568,648,1,3,0,0,0,0,3,0
564,1074,0,5,0,0,0,0,10,0
553,1092,0,5,0,0,0,0,10,0
549,555,0,5,0,0,0,0,4,6
1174,542,0,5,0,0,0,0,10,0
1175,542,0,5,0,0,0,0,10,0
537,1042,0,5,0,0,0,0,4,6
528,536,0,5,0,0,0,0,6,4
827,512,0,5,0,0,0,0,10,0
1111,512,0,5,0,0,0,0,10,0
1448,512,0,5,0,0,0,0,10,0
499,736,0,5,0,0,0,0,10,0
487,1172,0,5,0,0,0,0,10,0
486,1410,1,3,0,0,0,0,1,2
1086,474,1,3,0,0,0,0,1,2
993,466,0,5,0,0,0,0,4,6
468,454,0,5,0,0,0,0,6,4
754,454,0,5,0,0,0,0,6,4
703,451,1,3,0,0,0,0,1,2
895,444,0,5,0,0,0,0,6,4
1141,444,1,3,0,0,0,0,3,0
450,442,0,5,0,0,0,0,4,6
427,1172,0,5,0,0,0,0,10,0
422,1418,1,3,0,0,0,0,1,2
625,420,0,5,0,0,0,0,10,0
705,420,0,5,0,0,0,0,10,0
729,420,0,5,0,0,0,0,10,0
833,420,0,5,0,0,0,0,10,0
1076,420,0,5,0,0,0,0,10,0
1018,415,0,5,0,0,0,0,10,0
462,397,0,5,0,0,0,0,10,0
1433,397,0,5,0,0,0,0,10,0
1434,397,0,5,0,0,0,0,10,0
395,1081,0,5,0,0,0,0,4,6
870,394,2,1,0,1,0,0,0,0
376,1289,0,5,0,0,0,0,6,4
605,372,0,5,0,0,0,1,4,5
368,963,0,5,0,0,0,0,10,0
356,708,0,5,0,0,0,0,10,0
477,352,0,5,0,0,0,0,10,0
347,955,2,1,1,0,0,0,0,0
343,446,0,5,0,0,0,0,6,4
613,328,0,5,0,0,0,0,4,6
322,466,0,5,0,0,0,0,4,6
1328,306,0,5,0,0,0,0,10,0
285,823,0,5,0,0,0,0,4,6
687,276,0,5,0,0,0,0,6,4
273,1064,0,5,0,0,0,0,4,6
1102,259,0,5,0,0,0,0,6,4
1026,251,1,3,0,0,0,0,1,2
1429,247,0,5,0,0,0,0,10,0
767,243,2,1,1,0,0,0,0,0
964,243,2,1,1,0,0,0,0,0
915,240,0,5,0,0,0,0,10,0
1397,240,0,5,0,0,0,0,10,0
239,711,0,5,0,0,0,0,6,4
517,232,0,5,0,0,0,0,6,4
1259,232,0,5,0,0,0,0,6,4
231,866,0,5,0,0,0,0,4,6
230,321,0,5,0,0,0,0,6,4
861,224,0,5,0,0,0,0,4,6
856,220,0,5,0,0,0,0,10,0
1427,220,0,5,0,0,0,0,10,0
484,212,0,5,0,0,0,0,10,0
538,212,0,5,0,0,0,0,10,0
588,212,0,5,0,0,0,0,10,0
634,212,0,5,0,0,0,0,10,0
194,494,0,5,0,0,0,0,4,6
185,204,0,5,0,0,0,0,10,0
182,397,0,5,0,0,0,0,10,0
181,711,0,5,0,0,0,0,6,4
548,179,0,5,0,0,0,0,6,4
750,179,0,5,0,0,0,0,6,4
1017,179,0,5,0,0,0,0,6,4
176,247,0,5,0,0,0,0,10,0
171,454,0,5,0,0,0,0,6,4
391,162,0,5,0,0,0,0,6,4
901,162,0,5,0,0,0,0,6,4
160,232,0,5,0,0,0,0,6,4
153,213,0,5,0,0,0,0,6,4
530,148,0,5,0,0,0,0,4,6
133,648,0,5,0,0,0,0,6,4
123,213,0,5,0,0,0,1,6,3
104,430,0,5,0,0,0,0,10,0
89,1406,0,5,0,0,0,0,4,6
1165,83,0,5,0,0,0,0,6,4
788,82,2,1,0,1,0,0,0,0
77,276,0,5,0,0,0,0,6,4
362,70,0,5,0,0,0,0,6,4
1403,70,0,5,0,0,0,1,6,3
909,64,2,1,1,0,0,0,0,0
775,63,0,5,0,0,0,0,6,4
835,63,0,5,0,0,0,1,6,3
1093,58,0,5,0,0,0,0,6,4
55,784,0,5,0,0,0,0,10,0
51,138,0,5,0,0,0,0,6,4
49,997,0,5,0,0,0,0,6,4
326,48,0,5,0,0,0,0,10,0
562,48,0,5,0,0,0,0,10,0
968,36,0,5,0,0,0,0,4,6
913,24,0,5,0,0,0,0,6,4
23,585,0,5,0,0,0,0,10,0
8,807,0,5,0,0,0,0,4,6
3,997,1,3,0,0,0,0,3,0
1423,1410,1,2,0,0,0,0,1,0
1454,1371,0,4,0,0,0,0,6,0
1360,1344,0,4,0,0,0,0,6,0
1343,1344,0,4,0,0,0,0,6,0
1290,1289,0,4,0,0,0,0,6,0
1292,1289,0,4,0,0,0,0,6,0
1293,1289,0,4,0,0,0,0,6,0
1251,1244,0,4,0,0,0,0,2,4
1243,1284,0,4,0,0,0,0,3,3
1224,1256,0,4,0,0,0,0,3,3
1208,1206,0,4,0,0,0,0,3,3
1388,1132,0,4,0,0,0,1,3,2
1346,1081,0,4,0,0,0,0,3,3
982,1002,0,4,0,0,0,0,6,0
976,1020,0,4,0,0,0,0,6,0
962,1155,0,4,0,0,0,0,3,3
954,1261,0,4,0,0,0,0,3,3
1372,953,0,4,0,0,0,0,6,0
1331,943,0,4,0,0,0,0,3,3
923,1020,0,4,0,0,0,0,6,0
887,890,0,4,0,0,0,0,3,3
884,966,0,4,0,0,0,0,6,0
882,883,0,4,0,0,0,2,3,1
984,868,0,4,0,0,0,0,6,0
1016,846,0,4,0,0,0,0,6,0
1426,846,0,4,0,0,0,0,6,0
837,890,0,4,0,0,0,0,3,3
830,965,1,2,0,0,0,0,1,0
1176,818,0,4,0,0,0,0,6,0
1177,818,0,4,0,0,0,0,6,0
1178,818,0,4,0,0,0,0,6,0
1051,798,1,2,0,0,0,0,0,1
796,1042,0,4,0,0,0,1,3,2
1006,793,0,4,0,0,0,0,3,3
792,1025,0,4,0,0,0,0,3,3
1222,773,0,4,0,0,0,0,6,0
1223,773,0,4,0,0,0,0,6,0
964,767,2,0,1,0,0,0,0,0
1001,731,0,4,0,0,0,0,2,4
798,726,2,0,0,1,0,0,0,0
1051,726,1,2,0,0,0,0,0,1
718,831,0,4,0,0,0,0,6,0
1146,690,0,4,0,0,0,0,6,0
1145,686,0,4,0,0,0,0,2,4
672,1020,0,4,0,0,0,0,6,0
1195,667,0,4,0,0,0,0,2,4
1310,662,0,4,0,0,0,0,2,4
651,793,0,4,0,0,0,0,3,3
812,648,0,4,0,0,0,0,6,0
994,648,0,4,0,0,0,0,6,0
944,646,1,2,0,0,0,0,0,1
1079,641,2,0,0,1,0,0,0,0
631,1056,0,4,0,0,0,0,6,0
630,866,0,4,0,0,0,0,3,3
815,600,0,4,0,0,0,0,2,4
599,773,0,4,0,0,0,0,6,0
569,793,0,4,0,0,0,0,3,3
667,560,0,4,0,0,0,0,2,4
950,543,2,0,0,1,0,0,0,0
894,537,0,4,0,0,0,0,2,4
1442,536,0,4,0,0,0,0,6,0
1443,536,0,4,0,0,0,0,6,0
1444,536,0,4,0,0,0,0,6,0
1039,522,0,4,0,0,0,0,6,0
1421,519,1,2,0,0,0,0,1,0
1402,518,0,4,0,0,0,0,3,3
511,657,0,4,0,0,0,1,3,2
1125,505,0,4,0,0,0,0,2,4
780,503,0,4,0,0,0,0,3,3
500,1056,0,4,0,0,0,0,6,0
498,690,0,4,0,0,0,0,6,0
925,494,0,4,0,0,0,0,3,3
516,486,0,4,0,0,0,0,2,4
1028,474,1,2,0,0,0,0,1,0
470,868,0,4,0,0,0,0,6,0
485,450,0,4,0,0,0,0,2,4
571,446,0,4,0,0,0,0,6,0
1120,446,0,4,0,0,0,0,6,0
1094,444,0,4,0,0,0,0,6,0
1400,395,0,4,0,0,0,0,2,4
391,1025,0,4,0,0,0,0,3,3
488,375,0,4,0,0,0,1,2,3
370,883,0,4,0,0,0,2,3,1
924,369,1,2,0,0,0,0,0,1
744,366,0,4,0,0,0,0,6,0
365,846,0,4,0,0,0,0,6,0
641,360,1,2,0,0,0,0,0,1
1079,360,1,2,0,0,0,0,0,1
1071,359,0,4,0,0,0,0,2,4
346,868,0,4,0,0,0,0,6,0
774,319,0,4,0,0,0,0,6,0
960,319,0,4,0,0,0,0,6,0
316,886,0,4,0,0,0,0,3,3
293,711,0,4,0,0,0,0,6,0
510,288,0,4,0,0,0,0,6,0
1103,279,1,2,0,0,0,0,0,1
467,276,0,4,0,0,0,0,6,0
643,276,0,4,0,0,0,0,6,0
269,451,1,2,0,0,0,0,1,0
543,260,1,2,0,0,0,0,0,1
950,260,1,2,0,0,0,0,0,1
1149,259,0,4,0,0,0,0,6,0
1047,255,0,4,0,0,0,0,3,3
659,234,0,4,0,0,0,0,3,3
951,231,0,4,0,0,0,0,2,4
834,222,0,4,0,0,0,0,3,3
1381,213,0,4,0,0,0,0,6,0
206,1020,0,4,0,0,0,0,6,0
335,203,0,4,0,0,0,0,2,4
529,203,0,4,0,0,0,0,2,4
196,1256,0,4,0,0,0,0,3,3
317,192,0,4,0,0,0,0,6,0
181,793,0,4,0,0,0,0,3,3
174,823,0,4,0,0,0,0,3,3
174,1155,0,4,0,0,0,0,3,3
421,162,0,4,0,0,0,0,6,0
160,224,0,4,0,0,0,0,3,3
1417,158,0,4,0,0,0,1,3,2
1286,156,0,4,0,0,0,0,2,4
149,721,0,4,0,0,0,0,3,3
1148,148,0,4,0,0,0,0,3,3
226,141,0,4,0,0,0,0,6,0
310,141,0,4,0,0,0,0,6,0
489,141,0,4,0,0,0,0,6,0
957,141,0,4,0,0,0,0,6,0
1310,139,0,4,0,0,0,0,2,4
892,138,0,4,0,0,0,0,6,0
343,130,0,4,0,0,0,0,3,3
97,846,0,4,0,0,0,0,6,0
95,711,0,4,0,0,0,0,6,0
92,965,1,2,0,0,0,0,1,0
91,908,0,4,0,0,0,0,3,3
305,82,1,2,0,0,0,0,1,0
753,82,1,2,0,0,0,0,1,0
77,756,0,4,0,0,0,0,3,3
76,615,0,4,0,0,0,0,6,0
74,1406,0,4,0,0,0,0,3,3
1404,70,0,4,0,0,0,0,6,0
828,63,0,4,0,0,0,0,6,0
967,63,0,4,0,0,0,0,6,0
885,58,0,4,0,0,0,0,6,0
1217,58,0,4,0,0,0,0,6,0
1218,58,0,4,0,0,0,0,6,0
357,36,0,4,0,0,0,0,3,3
28,969,0,4,0,0,0,0,3,3
26,36,0,4,0,0,0,0,3,3
1439,24,0,4,0,0,0,0,6,0
1440,24,0,4,0,0,0,0,6,0
19,192,0,4,0,0,0,0,6,0
738,13,0,4,0,0,0,0,6,0
422,9,0,4,0,0,0,0,2,4
688,9,0,4,0,0,0,1,2,3
156,2,1,2,0,0,0,0,0,1
951,2,0,4,0,0,0,0,2,4
1143,1,0,4,0,0,0,0,3,3
1405,1,0,4,0,0,0,0,3,3
1447,1453,0,3,0,0,0,0,1,2
1407,1406,0,3,0,0,0,0,3,0
1365,1329,0,3,0,0,0,0,3,0
1366,1329,0,3,0,0,0,0,3,0
1367,1329,0,3,0,0,0,0,3,0
1296,1341,0,3,0,0,0,1,1,1
1285,1284,0,3,0,0,0,0,3,0
1262,1261,0,3,0,0,0,0,3,0
1257,1256,0,3,0,0,0,0,3,0
1258,1256,0,3,0,0,0,0,3,0
1252,1251,0,3,0,0,0,0,1,2
1209,1206,0,3,0,0,0,0,3,0
1211,1202,0,3,0,0,0,0,1,2
1160,1155,0,3,0,0,0,0,3,0
1133,1106,0,3,0,0,0,0,3,0
1327,1106,0,3,0,0,0,0,3,0
1345,1081,0,3,0,0,0,0,3,0
1390,1073,0,3,0,0,0,0,3,0
1028,1086,1,1,0,0,0,0,0,0
986,1064,0,3,0,0,0,0,3,0
1204,943,0,3,0,0,0,0,3,0
935,1014,0,3,0,0,0,0,1,2
922,1104,0,3,0,0,0,0,1,2
1003,904,0,3,0,0,0,0,1,2
903,1099,0,3,0,0,0,0,3,0
901,926,0,3,0,0,0,0,1,2
896,993,0,3,0,0,0,0,1,2
1127,891,1,1,0,0,0,0,0,0
889,1103,1,1,0,0,0,0,0,0
1008,886,0,3,0,0,0,0,3,0
1102,881,0,3,0,0,0,0,1,2
876,952,0,3,0,0,0,0,3,0
1224,821,0,3,0,0,0,0,1,2
817,1052,0,3,0,0,0,0,3,0
805,1035,0,3,0,0,0,0,3,0
794,1099,0,3,0,0,0,0,3,0
782,1035,0,3,0,0,0,0,3,0
779,1166,0,3,0,0,0,0,1,2
772,815,0,3,0,0,0,0,1,2
770,950,1,1,0,0,0,0,0,0
753,788,1,1,0,0,0,0,0,0
752,879,0,3,0,0,0,0,3,0
748,1052,0,3,0,0,0,0,3,0
706,820,0,3,0,0,0,0,1,2
691,701,0,3,0,0,0,0,1,2
687,968,0,3,0,0,0,0,1,2
949,681,0,3,0,0,0,0,3,0
665,886,0,3,0,0,0,0,3,0
1165,658,0,3,0,0,0,0,1,2
816,657,0,3,0,0,0,0,3,0
780,650,0,3,0,0,0,0,1,2
1230,647,0,3,0,0,0,0,1,2
616,1125,0,3,0,0,0,1,1,1
610,1418,0,3,0,0,0,0,3,0
1060,600,0,3,0,0,0,0,1,2
596,646,1,1,0,0,0,0,0,0
596,944,1,1,0,0,0,0,0,0
803,579,0,3,0,0,0,0,3,0
814,579,0,3,0,0,0,0,3,0
568,670,1,1,0,0,0,0,0,0
1424,560,0,3,0,0,0,0,1,2
558,641,1,1,0,0,0,0,0,0
558,1079,1,1,0,0,0,0,0,0
702,555,0,3,0,0,0,0,3,0
1383,555,0,3,0,0,0,0,3,0
1134,549,0,3,0,0,0,0,1,2
770,543,1,1,0,0,0,0,0,0
661,537,0,3,0,0,0,0,1,2
772,527,0,3,0,0,0,0,1,2
521,1100,0,3,0,0,0,0,1,2
574,505,0,3,0,0,0,0,1,2
1118,505,0,3,0,0,0,0,1,2
739,494,0,3,0,0,0,0,3,0
1057,488,0,3,0,0,0,0,1,2
1401,485,1,1,0,0,0,0,0,0
482,721,0,3,0,0,0,0,3,0
1287,466,0,3,0,0,0,0,3,0
1139,451,0,3,0,0,0,0,3,0
554,442,0,3,0,0,0,0,3,0
440,721,0,3,0,0,0,0,3,0
829,426,0,3,0,0,0,0,3,0
416,442,0,3,0,0,0,0,3,0
597,398,0,3,0,0,0,0,1,2
390,1025,0,3,0,0,0,0,3,0
1088,381,0,3,0,0,0,0,1,2
373,866,0,3,0,0,0,0,3,0
1441,369,1,1,0,0,0,0,0,0
362,768,0,3,0,0,0,0,1,2
468,359,0,3,0,0,0,0,1,2
644,351,0,3,0,0,0,0,1,2
1140,335,0,3,0,0,0,0,1,2
331,530,0,3,0,0,0,0,1,2
766,328,0,3,0,0,0,0,3,0
325,952,0,3,0,0,0,0,3,0
857,315,0,3,0,0,0,0,3,0
1288,313,0,3,0,0,0,0,3,0
307,527,0,3,0,0,0,0,1,2
305,788,1,1,0,0,0,0,0,0
304,339,0,3,0,0,0,1,1,1
289,1086,0,3,0,0,0,0,1,2
283,952,0,3,0,0,0,0,3,0
889,279,1,1,0,0,0,0,0,0
483,270,0,3,0,0,0,0,3,0
1054,270,0,3,0,0,0,0,3,0
269,703,1,1,0,0,0,0,0,0
660,255,0,3,0,0,0,0,3,0
804,255,0,3,0,0,0,0,3,0
237,466,0,3,0,0,0,0,3,0
235,1221,0,3,0,0,0,0,1,2
779,231,0,3,0,0,0,0,1,2
229,339,0,3,0,0,0,1,1,1
1363,228,0,3,0,0,0,0,1,2
713,224,0,3,0,0,0,0,3,0
556,222,0,3,0,0,0,0,3,0
1398,214,0,3,0,0,0,0,3,0
1413,214,0,3,0,0,0,0,3,0
541,210,0,3,0,0,0,0,3,0
636,210,0,3,0,0,0,0,3,0
200,398,0,3,0,0,0,0,1,2
262,199,0,3,0,0,0,0,3,0
443,199,0,3,0,0,0,0,3,0
190,670,0,3,0,0,0,0,1,2
161,450,0,3,0,0,0,0,1,2
159,199,0,3,0,0,0,0,3,0
1033,156,1,1,0,0,0,0,0,0
604,152,1,1,0,0,0,0,0,0
151,472,0,3,0,0,0,0,3,0
187,148,0,3,0,0,0,0,3,0
132,555,0,3,0,0,0,0,3,0
155,126,0,3,0,0,0,0,1,2
1036,121,0,3,0,0,0,0,1,2
115,1099,0,3,0,0,0,0,3,0
107,969,0,3,0,0,0,0,3,0
628,106,0,3,0,0,0,0,3,0
1451,106,0,3,0,0,0,0,3,0
1452,106,0,3,0,0,0,0,3,0
1231,96,0,3,0,0,0,0,3,0
1232,96,0,3,0,0,0,0,3,0
286,89,1,1,0,0,0,0,0,0
715,89,1,1,0,0,0,0,0,0
87,756,0,3,0,0,0,0,3,0
86,807,0,3,0,0,0,0,3,0
84,270,0,3,0,0,0,0,3,0
78,756,0,3,0,0,0,0,3,0
73,451,0,3,0,0,0,0,3,0
644,61,0,3,0,0,0,0,1,2
45,865,0,3,0,0,0,0,1,2
41,264,0,3,0,0,0,0,1,2
627,36,0,3,0,0,0,0,3,0
31,985,1,1,0,0,0,0,0,0
26,201,0,3,0,0,0,0,1,2
1128,8,0,3,0,0,0,0,1,2
284,7,0,3,0,0,0,0,1,2
1141,7,1,1,0,0,0,0,0,0
3,459,1,1,0,0,0,0,0,0
1033,2,1,1,0,0,0,0,0,0
1455,1453,0,2,0,0,0,0,1,0
1456,1453,0,2,0,0,0,0,1,0
1417,1403,0,2,0,0,0,1,0,0
1405,1402,0,2,0,0,0,0,0,1
1388,1355,0,2,0,0,0,1,0,0
1347,1346,0,2,0,0,0,0,0,1
1342,1341,0,2,0,0,0,0,1,0
1425,1286,0,2,0,0,0,0,1,0
1253,1251,0,2,0,0,0,0,1,0
1330,1207,0,2,0,0,0,0,1,0
1194,1192,0,2,0,0,0,0,1,0
1409,1134,0,2,0,0,0,0,0,1
1291,1104,0,2,0,0,0,0,1,0
1419,1051,0,2,0,0,0,0,1,0
1000,1001,0,2,0,0,0,0,1,0
932,1103,0,2,0,0,0,0,1,0
1082,849,0,2,0,0,0,0,1,0
1438,849,0,2,0,0,0,0,1,0
1117,792,0,2,0,0,0,0,0,1
848,768,0,2,0,0,0,0,1,0
733,881,0,2,0,0,0,0,1,0
1436,704,0,2,0,0,0,0,0,1
1420,701,0,2,0,0,0,0,1,0
1264,692,0,2,0,0,0,0,0,1
1190,686,0,2,0,0,0,0,1,0
1191,686,0,2,0,0,0,0,1,0
1122,685,0,2,0,0,0,0,1,0
717,680,0,2,0,0,0,0,0,1
1412,655,0,2,0,0,0,0,1,0
761,650,0,2,0,0,0,0,1,0
1083,650,0,2,0,0,0,0,1,0
988,621,0,2,0,0,0,0,0,1
1108,620,0,2,0,0,0,0,1,0
1078,616,0,2,0,0,0,1,0,0
991,612,0,2,0,0,0,0,0,1
621,611,0,2,0,0,0,0,0,1
991,611,0,2,0,0,0,0,0,1
936,594,0,2,0,0,0,0,1,0
869,593,0,2,0,0,0,0,1,0
727,574,0,2,0,0,0,0,0,1
695,559,0,2,0,0,0,0,1,0
1415,559,0,2,0,0,0,0,1,0
947,530,0,2,0,0,0,0,1,0
1075,527,0,2,0,0,0,0,1,0
1436,526,0,2,0,0,0,0,0,1
502,549,0,2,0,0,0,0,1,0
456,815,0,2,0,0,0,0,1,0
424,593,0,2,0,0,0,0,1,0
569,403,0,2,0,0,0,0,0,1
401,1192,0,2,0,0,0,0,1,0
1252,400,0,2,0,0,0,0,0,1
407,399,1,0,0,0,0,0,0,0
1112,393,0,2,0,0,0,0,1,0
388,801,0,2,0,0,0,0,1,0
663,385,0,2,0,0,0,0,0,1
577,381,0,2,0,0,0,0,1,0
878,381,0,2,0,0,0,0,1,0
354,398,0,2,0,0,0,0,1,0
765,351,0,2,0,0,0,0,1,0
1409,340,0,2,0,0,0,0,0,1
653,335,0,2,0,0,0,0,1,0
1013,334,0,2,0,0,0,0,0,1
550,316,0,2,0,0,0,0,0,1
298,516,0,2,0,0,0,0,1,0
296,359,0,2,0,0,0,0,1,0
715,286,1,0,0,0,0,0,0,0
734,285,0,2,0,0,0,0,1,0
410,273,0,2,0,0,0,0,1,0
1416,264,0,2,0,0,0,0,1,0
272,242,0,2,0,0,0,0,0,1
455,238,0,2,0,0,0,0,1,0
1364,228,0,2,0,0,0,0,1,0
217,647,0,2,0,0,0,0,1,0
476,216,0,2,0,0,0,0,0,1
929,201,0,2,0,0,0,0,1,0
429,197,1,0,0,0,0,0,0,0
1437,194,0,2,0,0,0,0,1,0
183,201,0,2,0,0,0,0,1,0
175,861,0,2,0,0,0,0,1,0
229,172,0,2,0,0,0,1,0,0
304,172,0,2,0,0,0,1,0,0
671,150,0,2,0,0,0,0,0,1
1047,150,0,2,0,0,0,0,0,1
258,139,0,2,0,0,0,0,1,0
743,139,0,2,0,0,0,0,1,0
128,303,0,2,0,0,0,0,1,0
332,127,0,2,0,0,0,0,0,1
414,127,0,2,0,0,0,0,0,1
875,126,0,2,0,0,0,0,1,0
118,273,0,2,0,0,0,0,1,0
308,112,0,2,0,0,0,0,0,1
108,186,0,2,0,0,0,0,1,0
850,99,0,2,0,0,0,0,1,0
830,92,1,0,0,0,0,0,0,0
1254,66,0,2,0,0,0,0,1,0
110,57,1,0,0,0,0,0,0,0
704,54,0,2,0,0,0,0,0,1
103,52,0,2,0,0,0,0,1,0
428,52,0,2,0,0,0,0,1,0
1162,51,0,2,0,0,0,0,0,1
50,186,0,2,0,0,0,0,1,0
46,99,0,2,0,0,0,0,1,0
675,41,0,2,0,0,0,0,0,1
1450,1432,0,1,0,0,0,0,0,0
1457,1379,0,1,0,0,0,0,0,0
1428,1269,0,1,0,0,0,0,0,0
1260,1259,0,1,0,0,0,0,0,0
1234,1216,0,1,0,0,0,0,0,0
1384,1215,0,1,0,0,0,0,0,0
975,1003,0,1,0,0,0,0,0,0
843,988,0,1,0,0,0,0,0,0
1066,790,0,1,0,0,0,0,0,0
722,845,0,1,0,0,0,0,0,0
945,697,0,1,0,0,0,0,0,0
694,1118,0,1,0,0,0,0,0,0
874,680,0,1,0,0,0,0,0,0
679,1230,0,1,0,0,0,0,0,0
714,676,0,1,0,0,0,0,0,0
1449,675,0,1,0,0,0,0,0,0
888,659,0,1,0,0,0,0,0,0
1068,651,0,1,0,0,0,0,0,0
618,723,0,1,0,0,0,0,0,0
617,925,0,1,0,0,0,0,0,0
608,887,0,1,0,0,0,0,0,0
1004,602,0,1,0,0,0,0,0,0
1458,550,0,1,0,0,0,0,0,0
1445,548,0,1,0,0,0,0,0,0
941,517,0,1,0,0,0,0,0,0
492,497,0,1,0,0,0,0,0,0
479,1037,0,1,0,0,0,0,0,0
453,671,0,1,0,0,0,0,0,0
1050,452,0,1,0,0,0,0,0,0
417,754,0,1,0,0,0,0,0,0
412,1255,0,1,0,0,0,0,0,0
1072,403,0,1,0,0,0,0,0,0
730,383,0,1,0,0,0,0,0,0
364,1009,0,1,0,0,0,0,0,0
1158,363,0,1,0,0,0,0,0,0
1012,334,0,1,0,0,0,0,0,0
309,1057,0,1,0,0,0,0,0,0
1157,308,0,1,0,0,0,0,0,0
642,307,0,1,0,0,0,0,0,0
392,289,0,1,0,0,0,0,0,0
880,272,0,1,0,0,0,0,0,0
265,800,0,1,0,0,0,0,0,0
311,256,0,1,0,0,0,0,0,0
254,1124,0,1,0,0,0,0,0,0
250,344,0,1,0,0,0,0,0,0
248,385,0,1,0,0,0,0,0,0
244,691,0,1,0,0,0,0,0,0
582,235,0,1,0,0,0,0,0,0
377,218,0,1,0,0,0,0,0,0
1435,200,0,1,0,0,0,0,0,0
438,190,0,1,0,0,0,0,0,0
1107,171,0,1,0,0,0,0,0,0
707,161,0,1,0,0,0,0,0,0
379,149,0,1,0,0,0,0,0,0
1227,146,0,1,0,0,0,0,0,0
145,837,0,1,0,0,0,0,0,0
144,196,0,1,0,0,0,0,0,0
143,750,0,1,0,0,0,0,0,0
109,606,0,1,0,0,0,0,0,0
94,357,0,1,0,0,0,0,0,0
781,91,0,1,0,0,0,0,0,0
71,282,0,1,0,0,0,0,0,0
573,56,0,1,0,0,0,0,0,0
858,54,0,1,0,0,0,0,0,0
1250,45,0,1,0,0,0,0,0,0
806,38,0,1,0,0,0,0,0,0
37,457,0,1,0,0,0,0,0,0
44,28,0,1,0,0,0,0,0,0
21,706,0,1,0,0,0,0,0,0
114,18,0,1,0,0,0,0,0,0
15,1105,0,1,0,0,0,0,0,0
329,14,0,1,0,0,0,0,0,0
10,216,0,1,0,0,0,0,0,0
